country,state,city,latitude,longitude
Canada,Alberta,Airdrie,51.30011000,-114.03528000
Canada,Alberta,Athabasca,54.71687000,-113.28537000
Canada,Alberta,Banff,51.17622000,-115.56982000
Canada,Alberta,Barrhead,54.13345000,-114.40211000
Canada,Alberta,Bassano,50.78342000,-112.46854000
Canada,Alberta,Beaumont,53.35013000,-113.41871000
Canada,Alberta,Beaverlodge,55.21664000,-119.43605000
Canada,Alberta,Black Diamond,50.70011000,-114.23530000
Canada,Alberta,Blackfalds,52.38342000,-113.78530000
Canada,Alberta,Bon Accord,53.83345000,-113.41872000
Canada,Alberta,Bonnyville,54.26684000,-110.73505000
Canada,Alberta,Bow Island,49.86676000,-111.36843000
Canada,Alberta,Brooks,50.58341000,-111.88509000
Canada,Alberta,Calgary,51.05011000,-114.08529000
Canada,Alberta,Calmar,53.26683000,-113.81874000
Canada,Alberta,Camrose,53.01684000,-112.83525000
Canada,Alberta,Canmore,51.08335000,-115.35206000
Canada,Alberta,Cardston,49.19998000,-113.30190000
Canada,Alberta,Carstairs,51.56681000,-114.10200000
Canada,Alberta,Chestermere,51.03341000,-113.81867000
Canada,Alberta,Claresholm,50.03332000,-113.58524000
Canada,Alberta,Coaldale,49.71670000,-112.61854000
Canada,Alberta,Coalhurst,49.74640000,-112.93246000
Canada,Alberta,Cochrane,51.18341000,-114.46871000
Canada,Alberta,Cold Lake,54.46525000,-110.18154000
Canada,Alberta,Crossfield,51.43341000,-114.03528000
Canada,Alberta,Devon,53.36683000,-113.73533000
Canada,Alberta,Didsbury,51.66681000,-114.13529000
Canada,Alberta,Drayton Valley,53.21682000,-114.98544000
Canada,Alberta,Edmonton,53.55014000,-113.46871000
Canada,Alberta,Edson,53.58345000,-116.43559000
Canada,Alberta,Elk Point,53.90017000,-110.90170000
Canada,Alberta,Fairview,56.06675000,-118.38606000
Canada,Alberta,Falher,55.73339000,-117.20262000
Canada,Alberta,Fort Macleod,49.71671000,-113.41857000
Canada,Alberta,Fort McMurray,56.72676000,-111.38103000
Canada,Alberta,Fort Saskatchewan,53.71684000,-113.21870000
Canada,Alberta,Fox Creek,54.40007000,-116.80238000
Canada,Alberta,Gibbons,53.83345000,-113.33531000
Canada,Alberta,Grand Centre,54.41628000,-110.21304000
Canada,Alberta,Grande Cache,53.88335000,-119.13585000
Canada,Alberta,Grande Prairie,55.16667000,-118.80271000
Canada,Alberta,Grimshaw,56.18339000,-117.60270000
Canada,Alberta,Hanna,51.63343000,-111.90181000
Canada,Alberta,Heritage Pointe,50.84213000,-114.00493000
Canada,Alberta,High Level,58.51688000,-117.13605000
Canada,Alberta,High Prairie,55.43340000,-116.48580000
Canada,Alberta,High River,50.58341000,-113.86867000
Canada,Alberta,Hinton,53.40009000,-117.58567000
Canada,Alberta,Irricana,51.32372000,-113.60475000
Canada,Alberta,Jasper Park Lodge,52.88633000,-118.05625000
Canada,Alberta,Killam,52.78344000,-111.85175000
Canada,Alberta,Lac La Biche,54.76690000,-111.96861000
Canada,Alberta,Lacombe,52.46681000,-113.73530000
Canada,Alberta,Lamont,53.76686000,-112.80195000
Canada,Alberta,Larkspur,53.47942000,-113.38142000
Canada,Alberta,Laurel,53.44667000,-113.38197000
Canada,Alberta,Leduc,53.26682000,-113.55201000
Canada,Alberta,Lethbridge,49.69999000,-112.81856000
Canada,Alberta,Lloydminster,53.27237000,-110.02256000
Canada,Alberta,Magrath,49.41668000,-112.86856000
Canada,Alberta,Manning,56.91683000,-117.61945000
Canada,Alberta,Mannville,53.33764000,-111.17750000
Canada,Alberta,Maple Ridge,53.50172000,-113.36274000
Canada,Alberta,Mayerthorpe,53.95015000,-115.13547000
Canada,Alberta,Medicine Hat,50.03928000,-110.67661000
Canada,Alberta,Mill Woods Town Centre,53.45639000,-113.42751000
Canada,Alberta,Millet,53.10013000,-113.46870000
Canada,Alberta,Morinville,53.80014000,-113.65203000
Canada,Alberta,Nanton,50.35008000,-113.76866000
Canada,Alberta,Okotoks,50.72885000,-113.98281000
Canada,Alberta,Olds,51.78341000,-114.10199000
Canada,Alberta,Peace River,56.23715000,-117.29176000
Canada,Alberta,Penhold,52.13342000,-113.86870000
Canada,Alberta,Picture Butte,49.88330000,-112.78516000
Canada,Alberta,Pincher Creek,49.48328000,-113.95195000
Canada,Alberta,Ponoka,52.67680000,-113.58147000
Canada,Alberta,Provost,52.35014000,-110.26828000
Canada,Alberta,Raymond,49.44998000,-112.65185000
Canada,Alberta,Red Deer,52.26682000,-113.80200000
Canada,Alberta,Rideau Park,53.47899000,-113.50470000
Canada,Alberta,Rimbey,52.63340000,-114.23532000
Canada,Alberta,Rocky Mountain House,52.36683000,-114.91880000
Canada,Alberta,Sexsmith,55.34998000,-118.78602000
Canada,Alberta,Sherwood Park,53.51684000,-113.31870000
Canada,Alberta,Silver Berry,53.45787000,-113.38170000
Canada,Alberta,Slave Lake,55.28344000,-114.76896000
Canada,Alberta,Smoky Lake,54.11687000,-112.46863000
Canada,Alberta,Spirit River,55.78327000,-118.83607000
Canada,Alberta,Springbrook,52.17920000,-113.87981000
Canada,Alberta,Spruce Grove,53.53344000,-113.91874000
Canada,Alberta,St. Albert,53.63344000,-113.63533000
Canada,Alberta,Stettler,52.31683000,-112.71861000
Canada,Alberta,Stony Plain,53.53343000,-114.00205000
Canada,Alberta,Strathmore,51.05011000,-113.38523000
Canada,Alberta,Sundre,51.80010000,-114.63532000
Canada,Alberta,Swan Hills,54.71681000,-115.40226000
Canada,Alberta,Sylvan Lake,52.31100000,-114.08375000
Canada,Alberta,Taber,49.78703000,-112.14603000
Canada,Alberta,Tamarack,53.46441000,-113.36235000
Canada,Alberta,Three Hills,51.70012000,-113.26863000
Canada,Alberta,Tofield,53.36684000,-112.66862000
Canada,Alberta,Two Hills,53.71686000,-111.75181000
Canada,Alberta,Valleyview,55.06673000,-117.28585000
Canada,Alberta,Vegreville,53.50015000,-112.05182000
Canada,Alberta,Vermilion,53.35409000,-110.85849000
Canada,Alberta,Viking,53.10014000,-111.76844000
Canada,Alberta,Vulcan,50.40008000,-113.25189000
Canada,Alberta,Wainwright,52.83482000,-110.85342000
Canada,Alberta,Wembley,55.14995000,-119.13602000
Canada,Alberta,Westlake,55.22228000,-118.80415000
Canada,Alberta,Westlock,54.15016000,-113.86876000
Canada,Alberta,Wetaskiwin,52.96683000,-113.36869000
Canada,Alberta,Whitecourt,54.15015000,-115.68548000
Canada,Alberta,Wild Rose,53.47080000,-113.38119000
Canada,British Columbia,Abbotsford,49.05798000,-122.25257000
Canada,British Columbia,Agassiz,49.23298000,-121.76926000
Canada,British Columbia,Aldergrove,49.05801000,-122.47087000
Canada,British Columbia,Aldergrove East,49.05593000,-122.42299000
Canada,British Columbia,Anmore,49.31637000,-122.85263000
Canada,British Columbia,Arbutus Ridge,49.24966000,-123.16934000
Canada,British Columbia,Armstrong,50.44979000,-119.20235000
Canada,British Columbia,Ashcroft,50.72372000,-121.28207000
Canada,British Columbia,Barrière,51.18308000,-120.11920000
Canada,British Columbia,Bowen Island,49.38470000,-123.33622000
Canada,British Columbia,Burnaby,49.26636000,-122.95263000
Canada,British Columbia,Burns Lake,54.22972000,-125.76084000
Canada,British Columbia,Cache Creek,50.81011000,-121.32460000
Canada,British Columbia,Campbell River,50.01634000,-125.24459000
Canada,British Columbia,Castlegar,49.32317000,-117.65831000
Canada,British Columbia,Cedar,49.11633000,-123.85270000
Canada,British Columbia,Central Coast Regional District,52.16638000,-127.00323000
Canada,British Columbia,Chase,50.81650000,-119.68571000
Canada,British Columbia,Chemainus,48.91633000,-123.71937000
Canada,British Columbia,Chetwynd,55.69988000,-121.63627000
Canada,British Columbia,Chilliwack,49.16638000,-121.95257000
Canada,British Columbia,Colwood,48.43293000,-123.48591000
Canada,British Columbia,Coombs,49.29963000,-124.41946000
Canada,British Columbia,Coquitlam,49.28460000,-122.78217000
Canada,British Columbia,Courtenay,49.68657000,-124.99360000
Canada,British Columbia,Cowichan Bay,48.73366000,-123.61739000
Canada,British Columbia,Cranbrook,49.49991000,-115.76879000
Canada,British Columbia,Creston,49.09987000,-116.50211000
Canada,British Columbia,Cumberland,49.61634000,-125.03613000
Canada,British Columbia,Dawson Creek,55.75984000,-120.24030000
Canada,British Columbia,Delta,49.14399000,-122.90680000
Canada,British Columbia,Denman Island,49.53294000,-124.81950000
Canada,British Columbia,Denman Island Trust Area,49.55189000,-124.79881000
Canada,British Columbia,Duck Lake,50.00880000,-119.39672000
Canada,British Columbia,Duncan,48.78293000,-123.70266000
Canada,British Columbia,East Wellington,49.17385000,-124.01745000
Canada,British Columbia,Elkford,50.05007000,-114.88540000
Canada,British Columbia,Ellison,49.93307000,-119.36907000
Canada,British Columbia,Enderby,50.54980000,-119.15234000
Canada,British Columbia,Fairwinds,49.27588000,-124.12782000
Canada,British Columbia,Fernie,49.49996000,-115.06871000
Canada,British Columbia,Fort Nelson,58.80533000,-122.70020000
Canada,British Columbia,Fort St. John,56.24988000,-120.85292000
Canada,British Columbia,Fraser Valley Regional District,49.58299000,-121.83587000
Canada,British Columbia,French Creek,49.34123000,-124.35541000
Canada,British Columbia,Fruitvale,49.11654000,-117.55222000
Canada,British Columbia,Gibsons,49.39539000,-123.50555000
Canada,British Columbia,Golden,51.29995000,-116.96890000
Canada,British Columbia,Grand Forks,49.03309000,-118.43560000
Canada,British Columbia,Hanceville,51.91922000,-123.04458000
Canada,British Columbia,Hope,49.38299000,-121.44144000
Canada,British Columbia,Hornby Island,49.53448000,-124.66923000
Canada,British Columbia,Houston,54.39976000,-126.67008000
Canada,British Columbia,Invermere,50.51666000,-116.03538000
Canada,British Columbia,Kamloops,50.66648000,-120.31920000
Canada,British Columbia,Kelowna,49.88307000,-119.48568000
Canada,British Columbia,Kimberley,49.67071000,-115.97760000
Canada,British Columbia,Kitimat,54.05244000,-128.65342000
Canada,British Columbia,Ladner,49.08938000,-123.08241000
Canada,British Columbia,Ladysmith,48.99016000,-123.81699000
Canada,British Columbia,Lake Cowichan,48.82495000,-124.05461000
Canada,British Columbia,Langford,48.44963000,-123.50261000
Canada,British Columbia,Langley,49.10107000,-122.65883000
Canada,British Columbia,Lillooet,50.68560000,-121.94200000
Canada,British Columbia,Lions Bay,49.45218000,-123.23760000
Canada,British Columbia,Logan Lake,50.49976000,-120.80253000
Canada,British Columbia,Lumby,50.24979000,-118.96904000
Canada,British Columbia,Mackenzie,55.33637000,-123.09374000
Canada,British Columbia,Maple Ridge,49.21939000,-122.60193000
Canada,British Columbia,Merritt,50.11225000,-120.79420000
Canada,British Columbia,Metchosin,48.38293000,-123.53591000
Canada,British Columbia,Metro Vancouver Regional District,49.33296000,-123.00264000
Canada,British Columbia,Mission,49.13298000,-122.30258000
Canada,British Columbia,Nakusp,50.24987000,-117.80226000
Canada,British Columbia,Nanaimo,49.16638000,-123.94003000
Canada,British Columbia,Nelson,49.49985000,-117.28553000
Canada,British Columbia,New Westminster,49.20678000,-122.91092000
Canada,British Columbia,North Cowichan,48.84133000,-123.68596000
Canada,British Columbia,North Oyster/Yellow Point,49.04807000,-123.83395000
Canada,British Columbia,North Saanich,48.66634000,-123.41933000
Canada,British Columbia,North Vancouver,49.31636000,-123.06934000
Canada,British Columbia,Oak Bay,48.44964000,-123.30260000
Canada,British Columbia,Okanagan,50.36386000,-119.34997000
Canada,British Columbia,Okanagan Falls,49.35000000,-119.56667000
Canada,British Columbia,Oliver,49.18306000,-119.55240000
Canada,British Columbia,Osoyoos,49.03306000,-119.45237000
Canada,British Columbia,Parksville,49.31947000,-124.31575000
Canada,British Columbia,Peace River Regional District,56.66650000,-122.75302000
Canada,British Columbia,Peachland,49.76647000,-119.73568000
Canada,British Columbia,Pemberton,50.31641000,-122.80273000
Canada,British Columbia,Penticton,49.48062000,-119.58584000
Canada,British Columbia,Pitt Meadows,49.22119000,-122.68965000
Canada,British Columbia,Port Alberni,49.24133000,-124.80280000
Canada,British Columbia,Port Coquitlam,49.26637000,-122.76932000
Canada,British Columbia,Port McNeill,50.58716000,-127.08053000
Canada,British Columbia,Port Moody,49.28124000,-122.82457000
Canada,British Columbia,Powell River,49.83278000,-124.52368000
Canada,British Columbia,Prince George,53.91660000,-122.75301000
Canada,British Columbia,Prince Rupert,54.31507000,-130.32098000
Canada,British Columbia,Princeton,49.45802000,-120.51076000
Canada,British Columbia,Puntledge,49.66168000,-125.05686000
Canada,British Columbia,Quesnel,52.97842000,-122.49310000
Canada,British Columbia,Regional District of Alberni-Clayoquot,49.24962000,-125.33615000
Canada,British Columbia,Regional District of Central Okanagan,49.99978000,-119.41908000
Canada,British Columbia,Revelstoke,50.99712000,-118.19530000
Canada,British Columbia,Richmond,49.17003000,-123.13683000
Canada,British Columbia,Rossland,49.08313000,-117.80224000
Canada,British Columbia,Royston,49.64703000,-124.94670000
Canada,British Columbia,Salmo,49.19986000,-117.26890000
Canada,British Columbia,Salmon Arm,50.69980000,-119.30237000
Canada,British Columbia,Salt Spring Island,48.81852000,-123.49061000
Canada,British Columbia,Saltair,48.94963000,-123.76939000
Canada,British Columbia,Sechelt,49.47512000,-123.75903000
Canada,British Columbia,Sicamous,50.83312000,-118.98565000
Canada,British Columbia,Six Mile,48.45767000,-123.46088000
Canada,British Columbia,Smithers,54.78036000,-127.17428000
Canada,British Columbia,Sooke,48.37463000,-123.72762000
Canada,British Columbia,South Pender Harbour,49.62202000,-124.02484000
Canada,British Columbia,Sparwood,49.73332000,-114.88532000
Canada,British Columbia,Summerland,49.59977000,-119.66911000
Canada,British Columbia,Surrey,49.10635000,-122.82509000
Canada,British Columbia,Terrace,54.51634000,-128.60345000
Canada,British Columbia,Tofino,49.15314000,-125.90744000
Canada,British Columbia,Trail,49.09983000,-117.70223000
Canada,British Columbia,Tsawwassen,49.01667000,-123.08333000
Canada,British Columbia,Tumbler Ridge,55.13027000,-120.99415000
Canada,British Columbia,Ucluelet,48.94153000,-125.54635000
Canada,British Columbia,Vancouver,49.24966000,-123.11934000
Canada,British Columbia,Vanderhoof,54.01657000,-124.01982000
Canada,British Columbia,Vernon,50.26729000,-119.27337000
Canada,British Columbia,Victoria,48.43590000,-123.35155000
Canada,British Columbia,Walnut Grove,49.16473000,-122.64042000
Canada,British Columbia,Welcome Beach,49.47959000,-123.89239000
Canada,British Columbia,West End,49.28333000,-123.13333000
Canada,British Columbia,West Kelowna,49.86250000,-119.58333000
Canada,British Columbia,West Vancouver,49.36672000,-123.16652000
Canada,British Columbia,Whistler,50.11817000,-122.95396000
Canada,British Columbia,White Rock,49.01636000,-122.80260000
Canada,British Columbia,Williams Lake,52.14153000,-122.14451000
Canada,Manitoba,Altona,49.10469000,-97.55961000
Canada,Manitoba,Beausejour,50.06220000,-96.51669000
Canada,Manitoba,Boissevain,49.23062000,-100.05586000
Canada,Manitoba,Brandon,49.84692000,-99.95306000
Canada,Manitoba,Carberry,49.86893000,-99.36021000
Canada,Manitoba,Carman,49.49920000,-98.00156000
Canada,Manitoba,Cross Lake 19A,54.65135000,-97.76848000
Canada,Manitoba,Dauphin,51.14941000,-100.05023000
Canada,Manitoba,De Salaberry,49.39999000,-97.00894000
Canada,Manitoba,Deloraine,49.19082000,-100.49477000
Canada,Manitoba,Flin Flon,54.76703000,-101.87433000
Canada,Manitoba,Gimli,50.63362000,-96.99066000
Canada,Manitoba,Grunthal,49.40668000,-96.85873000
Canada,Manitoba,Headingley,49.87530000,-97.40896000
Canada,Manitoba,Ile des Chênes,49.71060000,-96.98893000
Canada,Manitoba,Killarney,49.18332000,-99.66364000
Canada,Manitoba,La Broquerie,49.51688000,-96.50029000
Canada,Manitoba,Lac du Bonnet,50.25360000,-96.06116000
Canada,Manitoba,Landmark,49.67169000,-96.82232000
Canada,Manitoba,Lorette,49.73919000,-96.87232000
Canada,Manitoba,Melita,49.26811000,-100.99669000
Canada,Manitoba,Minnedosa,50.24532000,-99.84364000
Canada,Manitoba,Moose Lake,49.20559000,-95.30629000
Canada,Manitoba,Morden,49.19190000,-98.10136000
Canada,Manitoba,Morris,49.35499000,-97.36567000
Canada,Manitoba,Neepawa,50.22892000,-99.46642000
Canada,Manitoba,Niverville,49.60559000,-97.04234000
Canada,Manitoba,Portage la Prairie,49.97282000,-98.29263000
Canada,Manitoba,Rivers,50.03081000,-100.24029000
Canada,Manitoba,Roblin,51.22999000,-101.35650000
Canada,Manitoba,Selkirk,50.14360000,-96.88452000
Canada,Manitoba,Shilo,49.80509000,-99.63175000
Canada,Manitoba,Souris,49.61720000,-100.26120000
Canada,Manitoba,St. Adolphe,49.67440000,-97.11124000
Canada,Manitoba,Steinbach,49.52579000,-96.68451000
Canada,Manitoba,Stonewall,50.13441000,-97.32676000
Canada,Manitoba,Swan River,52.10580000,-101.26759000
Canada,Manitoba,The Pas,53.82509000,-101.25413000
Canada,Manitoba,Thompson,55.74350000,-97.85579000
Canada,Manitoba,Virden,49.85080000,-100.93262000
Canada,Manitoba,West St. Paul,49.99940000,-97.16284000
Canada,Manitoba,Winkler,49.18170000,-97.94104000
Canada,Manitoba,Winnipeg,49.88440000,-97.14704000
Canada,New Brunswick,Baie Ste. Anne,47.05231000,-64.95355000
Canada,New Brunswick,Bathurst,47.61814000,-65.65112000
Canada,New Brunswick,Bouctouche,46.46844000,-64.73905000
Canada,New Brunswick,Campbellton,48.00751000,-66.67272000
Canada,New Brunswick,Dieppe,46.07844000,-64.68735000
Canada,New Brunswick,Edmundston,47.37370000,-68.32512000
Canada,New Brunswick,Florenceville-Bristol,46.44353000,-67.61536000
Canada,New Brunswick,Fredericton,45.94541000,-66.66558000
Canada,New Brunswick,Fundy Bay,44.74100000,-66.76041000
Canada,New Brunswick,Grande-Digue,46.30014000,-64.56546000
Canada,New Brunswick,Greater Lakeburn,46.07651000,-64.66818000
Canada,New Brunswick,Hampton,45.52876000,-65.85354000
Canada,New Brunswick,Harrison Brook,47.21304000,-67.92847000
Canada,New Brunswick,Keswick Ridge,46.00011000,-66.88218000
Canada,New Brunswick,Lincoln,45.90012000,-66.58218000
Canada,New Brunswick,Lutes Mountain,46.13544000,-64.90504000
Canada,New Brunswick,McEwen,46.14520000,-64.78615000
Canada,New Brunswick,Miramichi,47.02895000,-65.50186000
Canada,New Brunswick,Moncton,46.09454000,-64.79650000
Canada,New Brunswick,Nackawic,45.99666000,-67.24028000
Canada,New Brunswick,New Maryland,45.87932000,-66.66828000
Canada,New Brunswick,Noonan,45.96682000,-66.53218000
Canada,New Brunswick,Oromocto,45.83512000,-66.47917000
Canada,New Brunswick,Richibucto,46.68073000,-64.88044000
Canada,New Brunswick,Sackville,45.91875000,-64.38455000
Canada,New Brunswick,Saint Andrews,45.07370000,-67.05312000
Canada,New Brunswick,Saint John,45.27271000,-66.06766000
Canada,New Brunswick,Saint-Antoine,46.36294000,-64.74985000
Canada,New Brunswick,Saint-Léonard,47.16317000,-67.92460000
Canada,New Brunswick,Salisbury,46.03905000,-65.04628000
Canada,New Brunswick,Shediac,46.21981000,-64.54107000
Canada,New Brunswick,Shediac Bridge-Shediac River,46.26886000,-64.60047000
Canada,New Brunswick,Shippagan,47.74424000,-64.70804000
Canada,New Brunswick,Starlight Village,45.88308000,-66.76905000
Canada,New Brunswick,Sussex,45.72266000,-65.50663000
Canada,New Brunswick,Tracadie-Sheila,47.51444000,-64.91806000
Canada,New Brunswick,Wells,45.39274000,-65.92313000
Canada,Newfoundland and Labrador,Bay Roberts,47.59989000,-53.26478000
Canada,Newfoundland and Labrador,Bay St. George South,48.22781000,-58.84162000
Canada,Newfoundland and Labrador,Bonavista,48.64989000,-53.11474000
Canada,Newfoundland and Labrador,Botwood,49.14994000,-55.34819000
Canada,Newfoundland and Labrador,Burgeo,47.61668000,-57.61516000
Canada,Newfoundland and Labrador,Carbonear,47.73319000,-53.21478000
Canada,Newfoundland and Labrador,Catalina,48.51659000,-53.08135000
Canada,Newfoundland and Labrador,Channel-Port aux Basques,47.57286000,-59.13808000
Canada,Newfoundland and Labrador,Clarenville-Shoal Harbour,48.18050000,-53.96982000
Canada,Newfoundland and Labrador,Conception Bay South,47.49989000,-52.99806000
Canada,Newfoundland and Labrador,Corner Brook,48.95001000,-57.95202000
Canada,Newfoundland and Labrador,Deer Lake,49.16671000,-57.43163000
Canada,Newfoundland and Labrador,Fogo Island,49.71649000,-54.16981000
Canada,Newfoundland and Labrador,Gambo,48.78320000,-54.21482000
Canada,Newfoundland and Labrador,Goulds,47.45532000,-52.77552000
Canada,Newfoundland and Labrador,Grand Bank,47.09995000,-55.76504000
Canada,Newfoundland and Labrador,Grand Falls-Windsor,48.93324000,-55.66492000
Canada,Newfoundland and Labrador,Happy Valley-Goose Bay,53.30380000,-60.32576000
Canada,Newfoundland and Labrador,Harbour Breton,47.48325000,-55.79833000
Canada,Newfoundland and Labrador,Labrador City,52.94626000,-66.91137000
Canada,Newfoundland and Labrador,Lewisporte,49.24993000,-55.04816000
Canada,Newfoundland and Labrador,Marystown,47.16663000,-55.14829000
Canada,Newfoundland and Labrador,Mount Pearl,47.51659000,-52.78135000
Canada,Newfoundland and Labrador,Pasadena,49.01671000,-57.59837000
Canada,Newfoundland and Labrador,Springdale,49.49995000,-56.06492000
Canada,Newfoundland and Labrador,St. Anthony,51.37039000,-55.59743000
Canada,Newfoundland and Labrador,St. John's,47.56494000,-52.70931000
Canada,Newfoundland and Labrador,Stephenville,48.55001000,-58.58180000
Canada,Newfoundland and Labrador,Stephenville Crossing,48.50001000,-58.43180000
Canada,Newfoundland and Labrador,Torbay,47.66659000,-52.73135000
Canada,Newfoundland and Labrador,Upper Island Cove,47.64989000,-53.21478000
Canada,Newfoundland and Labrador,Wabana,47.63319000,-52.94806000
Canada,Northwest Territories,Behchokǫ̀,62.80250000,-116.04639000
Canada,Northwest Territories,Fort McPherson,67.43863000,-134.88543000
Canada,Northwest Territories,Fort Smith,60.00439000,-111.88871000
Canada,Northwest Territories,Hay River,60.81555000,-115.79993000
Canada,Northwest Territories,Inuvik,68.34986000,-133.72181000
Canada,Northwest Territories,Norman Wells,65.28201000,-126.83290000
Canada,Northwest Territories,Yellowknife,62.45411000,-114.37248000
Canada,Nova Scotia,Amherst,45.83345000,-64.19874000
Canada,Nova Scotia,Annapolis County,44.58345000,-65.16551000
Canada,Nova Scotia,Antigonish,45.61685000,-61.99858000
Canada,Nova Scotia,Berwick,45.05015000,-64.73208000
Canada,Nova Scotia,Bridgewater,44.37856000,-64.51882000
Canada,Nova Scotia,Cape Breton County,46.00014000,-60.31516000
Canada,Nova Scotia,Chester,44.54225000,-64.23891000
Canada,Nova Scotia,Colchester,45.33345000,-63.24868000
Canada,Nova Scotia,Cole Harbour,44.67244000,-63.47506000
Canada,Nova Scotia,Cow Bay,44.63141000,-63.43218000
Canada,Nova Scotia,Dartmouth,44.67134000,-63.57719000
Canada,Nova Scotia,Digby,44.62188000,-65.75860000
Canada,Nova Scotia,Digby County,44.36685000,-65.69884000
Canada,Nova Scotia,English Corner,44.73345000,-63.78201000
Canada,Nova Scotia,Eskasoni 3,45.94522000,-60.61617000
Canada,Nova Scotia,Fall River,44.81685000,-63.61540000
Canada,Nova Scotia,Glace Bay,46.19695000,-59.95698000
Canada,Nova Scotia,Greenwood,44.97413000,-64.93169000
Canada,Nova Scotia,Halifax,44.64533000,-63.57239000
Canada,Nova Scotia,Hantsport,45.06685000,-64.16544000
Canada,Nova Scotia,Hayes Subdivision,45.05519000,-64.58795000
Canada,Nova Scotia,Kentville,45.07710000,-64.49605000
Canada,Nova Scotia,Lake Echo,44.73345000,-63.38198000
Canada,Nova Scotia,Lantz,44.98345000,-63.48199000
Canada,Nova Scotia,Lower Sackville,44.77599000,-63.67865000
Canada,Nova Scotia,Lunenburg,44.37847000,-64.31658000
Canada,Nova Scotia,Middleton,44.94284000,-65.07022000
Canada,Nova Scotia,New Glasgow,45.58344000,-62.64863000
Canada,Nova Scotia,Oxford,45.73345000,-63.86542000
Canada,Nova Scotia,Parrsboro,45.40567000,-64.32585000
Canada,Nova Scotia,Pictou,45.67875000,-62.70936000
Canada,Nova Scotia,Pictou County,45.50015000,-62.58193000
Canada,Nova Scotia,Port Hawkesbury,45.61685000,-61.34853000
Canada,Nova Scotia,Port Williams,45.10015000,-64.41546000
Canada,Nova Scotia,Princeville,45.76684000,-61.29853000
Canada,Nova Scotia,Shelburne,43.76325000,-65.32355000
Canada,Nova Scotia,Springhill,45.65015000,-64.04873000
Canada,Nova Scotia,Sydney,46.13510000,-60.18310000
Canada,Nova Scotia,Sydney Mines,46.23669000,-60.21767000
Canada,Nova Scotia,Truro,45.36685000,-63.26538000
Canada,Nova Scotia,Windsor,44.98345000,-64.13204000
Canada,Nova Scotia,Wolfville,45.08345000,-64.36546000
Canada,Nova Scotia,Yarmouth,43.83345000,-66.11557000
Canada,Nunavut,Clyde River,70.47233000,-68.58987000
Canada,Nunavut,Gjoa Haven,68.62602000,-95.87836000
Canada,Nunavut,Iqaluit,63.74697000,-68.51727000
Canada,Nunavut,Kugluktuk,67.82743000,-115.09649000
Canada,Nunavut,Pangnirtung,66.14642000,-65.69996000
Canada,Nunavut,Rankin Inlet,62.80906000,-92.08534000
Canada,Ontario,Ajax,43.85012000,-79.03288000
Canada,Ontario,Algoma,47.88364000,-84.42406000
Canada,Ontario,Alliston,44.15011000,-79.86635000
Canada,Ontario,Amherstburg,42.10009000,-83.09985000
Canada,Ontario,Amigo Beach,44.70011000,-79.39963000
Canada,Ontario,Ancaster,43.21806000,-79.98716000
Canada,Ontario,Angus,44.31681000,-79.88295000
Canada,Ontario,Arnprior,45.43341000,-76.34939000
Canada,Ontario,Atikokan,48.75667000,-91.62409000
Canada,Ontario,Attawapiskat,52.92774000,-82.41669000
Canada,Ontario,Aurora,44.00011000,-79.46632000
Canada,Ontario,Aylmer,42.76679000,-80.98302000
Canada,Ontario,Azilda,46.55008000,-81.09975000
Canada,Ontario,Ballantrae,44.03342000,-79.29960000
Canada,Ontario,Bancroft,45.05752000,-77.85702000
Canada,Ontario,Barrie,44.40011000,-79.66634000
Canada,Ontario,Bath,44.18342000,-76.78273000
Canada,Ontario,Belleville,44.16682000,-77.38277000
Canada,Ontario,Bells Corners,45.31588000,-75.83012000
Canada,Ontario,Belmont,42.88339000,-81.08303000
Canada,Ontario,Binbrook,43.12135000,-79.81104000
Canada,Ontario,Bluewater,43.46679000,-81.59977000
Canada,Ontario,Bourget,45.43340000,-75.14930000
Canada,Ontario,Bracebridge,45.03341000,-79.31633000
Canada,Ontario,Brampton,43.68341000,-79.76633000
Canada,Ontario,Brant,43.13340000,-80.34967000
Canada,Ontario,Brantford,43.13340000,-80.26636000
Canada,Ontario,Brockville,44.59132000,-75.68705000
Canada,Ontario,Brussels,43.73339000,-81.24975000
Canada,Ontario,Burford,43.10292000,-80.42869000
Canada,Ontario,Burlington,43.38621000,-79.83713000
Canada,Ontario,Cambridge,43.36010000,-80.31269000
Canada,Ontario,Camlachie,43.03596000,-82.16160000
Canada,Ontario,Capreol,46.70626000,-80.92109000
Canada,Ontario,Carleton Place,45.13341000,-76.14938000
Canada,Ontario,Casselman,45.31680000,-75.08260000
Canada,Ontario,Chatham,42.41224000,-82.18494000
Canada,Ontario,Chatham-Kent,42.40009000,-82.18310000
Canada,Ontario,Clarence-Rockland,45.55010000,-75.29101000
Canada,Ontario,Cobourg,43.95977000,-78.16515000
Canada,Ontario,Cochrane District,50.00022000,-82.99979000
Canada,Ontario,Collingwood,44.48340000,-80.21638000
Canada,Ontario,Concord,43.80011000,-79.48291000
Canada,Ontario,Constance Bay,45.50011000,-76.08267000
Canada,Ontario,Cookstown,44.18341000,-79.69964000
Canada,Ontario,Cornwall,45.01809000,-74.72815000
Canada,Ontario,Corunna,42.88338000,-82.43313000
Canada,Ontario,Deep River,46.10012000,-77.49949000
Canada,Ontario,Delaware,42.91679000,-81.41646000
Canada,Ontario,Deseronto,44.20012000,-77.04944000
Canada,Ontario,Dorchester,42.98339000,-81.06643000
Canada,Ontario,Dowling,46.59111000,-81.33917000
Canada,Ontario,Dryden,49.78334000,-92.75032000
Canada,Ontario,Durham,44.20012000,-78.99957000
Canada,Ontario,Ear Falls,50.63955000,-93.23526000
Canada,Ontario,East Gwillimbury,44.10087000,-79.43785000
Canada,Ontario,East York,43.69053000,-79.32794000
Canada,Ontario,Elliot Lake,46.38336000,-82.63315000
Canada,Ontario,Elmvale,44.58340000,-79.86636000
Canada,Ontario,Englehart,47.81686000,-79.86640000
Canada,Ontario,Espanola,46.25837000,-81.76649000
Canada,Ontario,Essex,42.17509000,-82.82483000
Canada,Ontario,Etobicoke,43.65421000,-79.56711000
Canada,Ontario,Exeter,43.34358630,-81.49726020
Canada,Ontario,Fort Erie,42.90012000,-78.93286000
Canada,Ontario,Fort Frances,48.61667000,-93.40030000
Canada,Ontario,Gananoque,44.33342000,-76.16607000
Canada,Ontario,Glencoe,42.75009000,-81.71648000
Canada,Ontario,Goderich,43.74171000,-81.71339000
Canada,Ontario,Golden,51.05917000,-93.73568000
Canada,Ontario,Gravenhurst,44.91681000,-79.36633000
Canada,Ontario,Greater Napanee,44.25012000,-76.94944000
Canada,Ontario,Greater Sudbury,46.49000000,-80.99001000
Canada,Ontario,Greenstone,49.73343000,-87.16668000
Canada,Ontario,Guelph,43.54594000,-80.25599000
Canada,Ontario,Haldimand County,42.98341000,-79.86633000
Canada,Ontario,Haliburton Village,45.05154000,-78.52245000
Canada,Ontario,Halton,43.50011000,-79.88294000
Canada,Ontario,Hamilton,43.25011000,-79.84963000
Canada,Ontario,Hanover,44.15009000,-81.03303000
Canada,Ontario,Harriston,43.90009000,-80.88302000
Canada,Ontario,Hawkesbury,45.60009000,-74.61595000
Canada,Ontario,Hearst,49.68351000,-83.66654000
Canada,Ontario,Hornepayne,49.21451000,-84.77617000
Canada,Ontario,Huntsville,45.33341000,-79.21632000
Canada,Ontario,Huron East,43.61679000,-81.29975000
Canada,Ontario,Ingersoll,43.03339000,-80.88302000
Canada,Ontario,Innisfil,44.30011000,-79.64964000
Canada,Ontario,Iroquois Falls,48.76688000,-80.68307000
Canada,Ontario,Jarvis,42.88341000,-80.09965000
Canada,Ontario,Kanata,45.30010000,-75.91606000
Canada,Ontario,Kapuskasing,49.41694000,-82.43308000
Canada,Ontario,Kawartha Lakes,44.58342000,-78.83288000
Canada,Ontario,Kenora,49.76741000,-94.48985000
Canada,Ontario,Keswick,44.25011000,-79.46632000
Canada,Ontario,Kincardine,44.18339000,-81.63307000
Canada,Ontario,King,43.96514000,-79.59011000
Canada,Ontario,Kingston,44.22976000,-76.48098000
Canada,Ontario,Kirkland Lake,48.14461000,-80.03767000
Canada,Ontario,Kitchener,43.42537000,-80.51120000
Canada,Ontario,L'Orignal,45.61980000,-74.69150000
Canada,Ontario,Lakefield,44.43342000,-78.26623000
Canada,Ontario,Lambton Shores,43.16678000,-81.93309000
Canada,Ontario,Lappe,48.56680000,-89.35013000
Canada,Ontario,Leamington,42.05009000,-82.59981000
Canada,Ontario,Limoges,45.33340000,-75.24931000
Canada,Ontario,Lindsay,44.35012000,-78.73286000
Canada,Ontario,Listowel,43.73340000,-80.94973000
Canada,Ontario,Little Current,45.97927000,-81.92480000
Canada,Ontario,Lively,46.43338000,-81.14975000
Canada,Ontario,London,42.98339000,-81.23304000
Canada,Ontario,Lucan,43.18339000,-81.39976000
Canada,Ontario,Madoc,44.50842000,-77.47448000
Canada,Ontario,Manitoulin District,45.75007000,-82.49985000
Canada,Ontario,Manitouwadge,49.12152000,-85.84030000
Canada,Ontario,Marathon,48.75010000,-86.43322000
Canada,Ontario,Markdale,44.31680000,-80.64971000
Canada,Ontario,Markham,43.86682000,-79.26630000
Canada,Ontario,Mattawa,46.31681000,-78.69957000
Canada,Ontario,Meaford,44.60725000,-80.61081000
Canada,Ontario,Metcalfe,45.23340000,-75.46603000
Canada,Ontario,Midland,44.75010000,-79.88296000
Canada,Ontario,Mildmay,44.05009000,-81.11644000
Canada,Ontario,Millbrook,44.15012000,-78.44954000
Canada,Ontario,Milton,43.51681000,-79.88294000
Canada,Ontario,Mississauga,43.57890000,-79.65830000
Canada,Ontario,Mississauga Beach,43.26682000,-79.08287000
Canada,Ontario,Moose Factory,51.26689000,-80.61624000
Canada,Ontario,Moosonee,51.27931000,-80.63450000
Canada,Ontario,Morrisburg,44.90010000,-75.18261000
Canada,Ontario,Mount Albert,44.13341000,-79.31630000
Canada,Ontario,Mount Brydges,42.90009000,-81.48306000
Canada,Ontario,Napanee,44.25012000,-76.94944000
Canada,Ontario,Napanee Downtown,44.24832000,-76.95069000
Canada,Ontario,Neebing,48.16680000,-89.41683000
Canada,Ontario,Nepean,45.35215000,-75.73975000
Canada,Ontario,New Hamburg,43.38339000,-80.69970000
Canada,Ontario,Newmarket,44.05011000,-79.46631000
Canada,Ontario,Niagara Falls,43.10012000,-79.06627000
Canada,Ontario,Nipissing District,46.00010000,-78.99959000
Canada,Ontario,Norfolk County,42.83340000,-80.38297000
Canada,Ontario,North Bay,46.31680000,-79.46633000
Canada,Ontario,North Perth,43.72510000,-80.96723000
Canada,Ontario,North York,43.76681000,-79.41630000
Canada,Ontario,Norwood,44.38342000,-77.98281000
Canada,Ontario,Oakville,43.45011000,-79.68292000
Canada,Ontario,Omemee,44.29897000,-78.55989000
Canada,Ontario,Orangeville,43.91680000,-80.09967000
Canada,Ontario,Orillia,44.60868000,-79.42068000
Canada,Ontario,Osgoode,45.14887000,-75.59778000
Canada,Ontario,Oshawa,43.90012000,-78.84957000
Canada,Ontario,Ottawa,45.41117000,-75.69812000
Canada,Ontario,Owen Sound,44.56717000,-80.94349000
Canada,Ontario,Paisley,44.30641000,-81.27265000
Canada,Ontario,Paris,43.20000000,-80.38333000
Canada,Ontario,Parkhill,43.15993000,-81.68464000
Canada,Ontario,Parry Sound,45.34732000,-80.03527000
Canada,Ontario,Parry Sound District,45.75011000,-79.83297000
Canada,Ontario,Peel,43.75011000,-79.78293000
Canada,Ontario,Pembroke,45.81681000,-77.11616000
Canada,Ontario,Perth,44.90011000,-76.24939000
Canada,Ontario,Petawawa,45.89452000,-77.28007000
Canada,Ontario,Peterborough,44.30012000,-78.31623000
Canada,Ontario,Petrolia,42.86678000,-82.14981000
Canada,Ontario,Pickering,43.90012000,-79.13289000
Canada,Ontario,Picton,44.00012000,-77.13275000
Canada,Ontario,Plantagenet,45.53260000,-74.99369000
Canada,Ontario,Plattsville,43.30010000,-80.61639000
Canada,Ontario,Port Colborne,42.90012000,-79.23288000
Canada,Ontario,Port Hope,44.01682000,-78.39953000
Canada,Ontario,Port Rowan,42.61680000,-80.46638000
Canada,Ontario,Port Stanley,42.66679000,-81.21644000
Canada,Ontario,Powassan,46.03340000,-79.34961000
Canada,Ontario,Prescott,44.71681000,-75.51604000
Canada,Ontario,Prince Edward,44.00012000,-77.24946000
Canada,Ontario,Queenswood Heights,45.47083000,-75.50556000
Canada,Ontario,Quinte West,44.18342000,-77.56618000
Canada,Ontario,Rainy River District,48.49981000,-92.50031000
Canada,Ontario,Rayside-Balfour,46.60873000,-81.20763000
Canada,Ontario,Red Lake,51.01678000,-93.82736000
Canada,Ontario,Regional Municipality of Waterloo,43.50010000,-80.49969000
Canada,Ontario,Renfrew,45.46681000,-76.68272000
Canada,Ontario,Richmond,45.18340000,-75.83266000
Canada,Ontario,Richmond Hill,43.87111000,-79.43725000
Canada,Ontario,Ridgetown,42.43339000,-81.89978000
Canada,Ontario,Rockwood,43.61899000,-80.14441000
Canada,Ontario,Russell,45.25010000,-75.36602000
Canada,Ontario,Sarnia,42.97866000,-82.40407000
Canada,Ontario,Sault Ste. Marie,46.51677000,-84.33325000
Canada,Ontario,Scarborough,43.77223000,-79.25666000
Canada,Ontario,Seaforth,43.55009000,-81.39976000
Canada,Ontario,Shelburne,44.07870000,-80.20408000
Canada,Ontario,Simcoe,42.83340000,-80.29967000
Canada,Ontario,Sioux Lookout,50.06676000,-91.98358000
Canada,Ontario,Skatepark,44.25122000,-76.94424000
Canada,Ontario,Smiths Falls,44.90452000,-76.02333000
Canada,Ontario,South Huron,43.31679000,-81.51647000
Canada,Ontario,South River,45.83340000,-79.38293000
Canada,Ontario,St. Catharines,43.17126000,-79.24267000
Canada,Ontario,St. George,43.24495000,-80.25144000
Canada,Ontario,St. Thomas,42.77361000,-81.18038000
Canada,Ontario,Stirling,44.30012000,-77.54948000
Canada,Ontario,Stoney Point,44.26681000,-79.53292000
Canada,Ontario,Stratford,43.36679000,-80.94972000
Canada,Ontario,Sudbury,47.16679000,-81.99980000
Canada,Ontario,Tavistock,43.31679000,-80.83302000
Canada,Ontario,Temiskaming Shores,47.49376000,-79.71529000
Canada,Ontario,Thessalon,46.25006000,-83.56660000
Canada,Ontario,Thornhill,43.81708480,-79.45011940
Canada,Ontario,Thorold,43.11682000,-79.19958000
Canada,Ontario,Thunder Bay,48.38202000,-89.25018000
Canada,Ontario,Thunder Bay District,49.50011000,-88.50004000
Canada,Ontario,Timiskaming District,47.75016000,-80.33303000
Canada,Ontario,Timmins,48.46686000,-81.33312000
Canada,Ontario,Tobermory,45.25007000,-81.66647000
Canada,Ontario,Toronto,43.70011000,-79.41630000
Canada,Ontario,Toronto county,43.69655000,-79.42909000
Canada,Ontario,Tottenham,44.02437000,-79.80553000
Canada,Ontario,Tweed,44.47512000,-77.31616000
Canada,Ontario,Uxbridge,44.10012000,-79.11628000
Canada,Ontario,Valley East,46.66773000,-81.00028000
Canada,Ontario,Vanier,45.43990000,-75.66498000
Canada,Ontario,Vaughan,43.83610000,-79.49827000
Canada,Ontario,Vineland,43.15012000,-79.39960000
Canada,Ontario,Virgil,43.21682000,-79.13288000
Canada,Ontario,Walpole Island,42.61520000,-82.51398000
Canada,Ontario,Wasaga Beach,44.51680000,-80.01637000
Canada,Ontario,Waterford,42.93340000,-80.28296000
Canada,Ontario,Waterloo,43.46680000,-80.51639000
Canada,Ontario,Watford,42.95008000,-81.88309000
Canada,Ontario,Wawa,47.98877000,-84.77411000
Canada,Ontario,Welland,42.98342000,-79.24958000
Canada,Ontario,Wellesley,43.47691000,-80.76209000
Canada,Ontario,Wendover,45.57275000,-75.12757000
Canada,Ontario,West Lorne,42.60009000,-81.59976000
Canada,Ontario,Willowdale,43.76672000,-79.39909000
Canada,Ontario,Winchester,45.08340000,-75.34933000
Canada,Ontario,Windsor,42.30008000,-83.01654000
Canada,Ontario,Wingham,43.88793000,-81.31145000
Canada,Ontario,Woodstock,43.13339000,-80.74970000
Canada,Ontario,York,44.00011000,-79.46632000
Canada,Prince Edward Island,Alberton,46.81685000,-64.06542000
Canada,Prince Edward Island,Belfast,46.08341000,-62.88197000
Canada,Prince Edward Island,Charlottetown,46.23899000,-63.13414000
Canada,Prince Edward Island,Cornwall,46.22652000,-63.21809000
Canada,Prince Edward Island,Fallingbrook,45.47558000,-75.48401000
Canada,Prince Edward Island,Kensington,46.43343000,-63.64871000
Canada,Prince Edward Island,Montague,46.16681000,-62.64866000
Canada,Prince Edward Island,Souris,46.35010000,-62.24862000
Canada,Prince Edward Island,Summerside,46.39593000,-63.78762000
Canada,Quebec,Abitibi-Témiscamingue,48.10018000,-77.78280000
Canada,Quebec,Acton Vale,45.65007000,-72.56582000
Canada,Quebec,Adstock,46.05007000,-71.08235000
Canada,Quebec,Albanel,48.88324000,-72.44867000
Canada,Quebec,Alma,48.55009000,-71.64910000
Canada,Quebec,Amos,48.56688000,-78.11624000
Canada,Quebec,Amqui,48.46382000,-67.43134000
Canada,Quebec,Ange-Gardien,45.35008000,-72.93244000
Canada,Quebec,Asbestos,45.76678000,-71.93240000
Canada,Quebec,Baie-Comeau,49.21679000,-68.14894000
Canada,Quebec,Baie-D'Urfé,45.41397000,-73.91586000
Canada,Quebec,Baie-Saint-Paul,47.44109000,-70.49858000
Canada,Quebec,Barraute,48.43349000,-77.63279000
Canada,Quebec,Bas-Saint-Laurent,48.05030000,-68.02266000
Canada,Quebec,Beaconsfield,45.43341000,-73.86586000
Canada,Quebec,Beauceville,46.21785000,-70.77873000
Canada,Quebec,Beauharnois,45.31341000,-73.87250000
Canada,Quebec,Beaupré,47.04428000,-70.89529000
Canada,Quebec,Bécancour,46.34106000,-72.43224000
Canada,Quebec,Bedford,45.11678000,-72.98244000
Canada,Quebec,Beloeil,45.56839000,-73.20568000
Canada,Quebec,Berthierville,46.08336000,-73.18245000
Canada,Quebec,Blainville,45.66678000,-73.88249000
Canada,Quebec,Bois-des-Filion,45.66678000,-73.74918000
Canada,Quebec,Boisbriand,45.61678000,-73.83249000
Canada,Quebec,Bonaventure,48.04573000,-65.49259000
Canada,Quebec,Boucherville,45.59104000,-73.43605000
Canada,Quebec,Breakeyville,46.68037000,-71.22327000
Canada,Quebec,Bromont,45.31678000,-72.64912000
Canada,Quebec,Brossard,45.45008000,-73.46583000
Canada,Quebec,Brownsburg-Chatham,45.68342000,-74.41590000
Canada,Quebec,Buckingham,45.58563000,-75.42080000
Canada,Quebec,Cabano,47.68065000,-68.87810000
Canada,Quebec,Cacouna,47.91657000,-69.50054000
Canada,Quebec,Candiac,45.38338000,-73.51587000
Canada,Quebec,Cantley,45.56680000,-75.78265000
Canada,Quebec,Cap-Chat,49.10009000,-66.68212000
Canada,Quebec,Cap-Santé,46.67159000,-71.78812000
Canada,Quebec,Capitale-Nationale,47.37600000,-71.12337000
Canada,Quebec,Carignan,45.45008000,-73.29916000
Canada,Quebec,Carleton,48.09838000,-66.10036000
Canada,Quebec,Carleton-sur-Mer,48.10749000,-66.12800000
Canada,Quebec,Centre-du-Québec,46.01985000,-71.98242000
Canada,Quebec,Chambly,45.45008000,-73.28246000
Canada,Quebec,Chambord,48.43339000,-72.06583000
Canada,Quebec,Chandler,48.34935000,-64.67926000
Canada,Quebec,Chapais,49.78344000,-74.84919000
Canada,Quebec,Charlemagne,45.71678000,-73.48247000
Canada,Quebec,Château-Richer,46.96031000,-71.03219000
Canada,Quebec,Châteauguay,45.38338000,-73.74919000
Canada,Quebec,Chaudière-Appalaches,46.55500000,-70.83080000
Canada,Quebec,Chertsey,46.07109000,-73.89095000
Canada,Quebec,Chibougamau,49.91684000,-74.36586000
Canada,Quebec,Chute-aux-Outardes,49.11679000,-68.39896000
Canada,Quebec,Coaticook,45.13339000,-71.79907000
Canada,Quebec,Contrecoeur,45.85008000,-73.23245000
Canada,Quebec,Cookshire,45.41536000,-71.62962000
Canada,Quebec,Cookshire-Eaton,45.41675000,-71.63240000
Canada,Quebec,Côte-Nord,50.86683000,-65.81541000
Canada,Quebec,Côte-Saint-Luc,45.46536000,-73.66585000
Canada,Quebec,Coteau-du-Lac,45.30008000,-74.18253000
Canada,Quebec,Cowansville,45.20008000,-72.74913000
Canada,Quebec,Crabtree,45.96677000,-73.46586000
Canada,Quebec,Danville,45.78337000,-72.01580000
Canada,Quebec,Daveluyville,46.20006000,-72.13239000
Canada,Quebec,Delson,45.36678000,-73.54917000
Canada,Quebec,Deux-Montagnes,45.53455000,-73.90168000
Canada,Quebec,Disraeli,45.90007000,-71.34907000
Canada,Quebec,Dolbeau-Mistassini,48.87860000,-72.23142000
Canada,Quebec,Dollard-Des Ormeaux,45.49452000,-73.82419000
Canada,Quebec,Donnacona,46.68042000,-71.72390000
Canada,Quebec,Dorval,45.44730000,-73.75335000
Canada,Quebec,Drummondville,45.88336000,-72.48241000
Canada,Quebec,Dunham,45.13338000,-72.79913000
Canada,Quebec,East Angus,45.48338000,-71.66577000
Canada,Quebec,East Broughton,46.21358000,-71.07674000
Canada,Quebec,Farnham,45.28338000,-72.98244000
Canada,Quebec,Ferme-Neuve,46.70011000,-75.44929000
Canada,Quebec,Fermont,52.78345000,-67.08204000
Canada,Quebec,Forestville,48.73808000,-69.08478000
Canada,Quebec,Fort-Coulonge,45.85011000,-76.73272000
Canada,Quebec,Fossambault-sur-le-Lac,46.87662000,-71.61541000
Canada,Quebec,Franklin,45.03338000,-73.91591000
Canada,Quebec,Gaspé,48.83341000,-64.48194000
Canada,Quebec,Gaspésie-Îles-de-la-Madeleine,48.87555000,-65.40710000
Canada,Quebec,Gatineau,45.47723000,-75.70164000
Canada,Quebec,Godefroy,51.75012000,-68.08213000
Canada,Quebec,Granby,45.40008000,-72.73243000
Canada,Quebec,Hampstead,45.48064000,-73.66307000
Canada,Quebec,Hauterive,49.19572000,-68.25813000
Canada,Quebec,Havre-Saint-Pierre,50.24342000,-63.60264000
Canada,Quebec,Hérouxville,46.66617000,-72.62512000
Canada,Quebec,Hudson,45.45008000,-74.14922000
Canada,Quebec,Huntingdon,45.08339000,-74.16593000
Canada,Quebec,Joliette,46.01640000,-73.42360000
Canada,Quebec,Jonquière,48.41648000,-71.24884000
Canada,Quebec,Kingsey Falls,45.85007000,-72.06580000
Canada,Quebec,Kirkland,45.45008000,-73.86586000
Canada,Quebec,L'Ancienne-Lorette,46.79392000,-71.35191000
Canada,Quebec,L'Ange-Gardien,46.91976000,-71.08253000
Canada,Quebec,L'Ascension-de-Notre-Seigneur,48.68339000,-71.66580000
Canada,Quebec,L'Assomption,45.82318000,-73.42940000
Canada,Quebec,L'Épiphanie,45.85008000,-73.48246000
Canada,Quebec,L'Île-Perrot,45.38338000,-73.94920000
Canada,Quebec,La Conception,46.15009000,-74.69925000
Canada,Quebec,La Haute-Saint-Charles,46.89028000,-71.37222000
Canada,Quebec,La Malbaie,47.65400000,-70.15268000
Canada,Quebec,La Minerve,46.25009000,-74.93257000
Canada,Quebec,La Pocatière,47.36733000,-70.03484000
Canada,Quebec,La Prairie,45.41678000,-73.49917000
Canada,Quebec,La Sarre,48.80019000,-79.19964000
Canada,Quebec,La Tuque,47.43337000,-72.78240000
Canada,Quebec,Labelle,46.28339000,-74.73255000
Canada,Quebec,Lac-Alouette,45.81698000,-73.95920000
Canada,Quebec,Lac-Brome,45.21678000,-72.51581000
Canada,Quebec,Lac-Connelly,45.89788000,-73.97230000
Canada,Quebec,Lac-Lapierre,45.89837000,-73.77308000
Canada,Quebec,Lac-Mégantic,45.58338000,-70.88234000
Canada,Quebec,Lac-Simon,46.15699000,-74.74129000
Canada,Quebec,Lachute,45.65008000,-74.33253000
Canada,Quebec,Lacolle,45.08338000,-73.36585000
Canada,Quebec,Lanoraie,45.96677000,-73.21585000
Canada,Quebec,Laval,45.56995000,-73.69200000
Canada,Quebec,Lavaltrie,45.88338000,-73.28245000
Canada,Quebec,Le Bic,48.37549000,-68.69415000
Canada,Quebec,le Plateau,45.43514000,-75.78030000
Canada,Quebec,Lebel-sur-Quévillon,49.05018000,-76.98273000
Canada,Quebec,Leblanc,48.26683000,-74.34914000
Canada,Quebec,Les Cèdres,45.30008000,-74.04922000
Canada,Quebec,Les Coteaux,45.28338000,-74.23254000
Canada,Quebec,Les Escoumins,48.35191000,-69.40724000
Canada,Quebec,Lévis,46.80326000,-71.17793000
Canada,Quebec,Linière,46.00007000,-70.41572000
Canada,Quebec,Longueuil,45.53121000,-73.51806000
Canada,Quebec,Lorraine,45.68338000,-73.78249000
Canada,Quebec,Louiseville,46.25594000,-72.94145000
Canada,Quebec,Luceville,48.54498000,-68.39658000
Canada,Quebec,Macamic,48.75018000,-78.99962000
Canada,Quebec,Magog,45.26678000,-72.14909000
Canada,Quebec,Malartic,48.13348000,-78.13283000
Canada,Quebec,Maliotenam,50.21119000,-66.18164000
Canada,Quebec,Manawan,47.22029000,-74.38606000
Canada,Quebec,Mandeville,46.36677000,-73.34915000
Canada,Quebec,Maniwaki,46.38341000,-75.96605000
Canada,Quebec,Maria,48.17490000,-65.98595000
Canada,Quebec,Marieville,45.43338000,-73.16585000
Canada,Quebec,Mascouche,45.74965000,-73.59956000
Canada,Quebec,Maskinongé,46.22860000,-73.01917000
Canada,Quebec,Matagami,49.75018000,-77.63277000
Canada,Quebec,Matane,48.82857000,-67.52197000
Canada,Quebec,Mauricie,47.55009000,-73.41583000
Canada,Quebec,Melocheville,45.31726000,-73.93710000
Canada,Quebec,Mercier,45.31678000,-73.74919000
Canada,Quebec,Métabetchouan,48.36679000,-72.01583000
Canada,Quebec,Metabetchouan-Lac-a-la-Croix,48.41000000,-71.78000000
Canada,Quebec,Mirabel,45.65008000,-74.08251000
Canada,Quebec,Mistissini,50.41667000,-73.88333000
Canada,Quebec,Mont-Joli,48.58388000,-68.19214000
Canada,Quebec,Mont-Laurier,46.55011000,-75.49930000
Canada,Quebec,Mont-Royal,45.51675000,-73.64918000
Canada,Quebec,Mont-Saint-Grégoire,45.33338000,-73.16585000
Canada,Quebec,Mont-Saint-Hilaire,45.56515000,-73.18680000
Canada,Quebec,Mont-Tremblant,46.21274000,-74.58438000
Canada,Quebec,Montmagny,46.98043000,-70.55493000
Canada,Quebec,Montréal,45.50008000,-73.68248000
Canada,Quebec,Montréal-Est,45.63202000,-73.50750000
Canada,Quebec,Montréal-Ouest,45.45286000,-73.64918000
Canada,Quebec,Morin-Heights,45.90009000,-74.24922000
Canada,Quebec,Napierville,45.18648000,-73.40468000
Canada,Quebec,Neuville,46.69823000,-71.58275000
Canada,Quebec,New Carlisle,48.00956000,-65.33621000
Canada,Quebec,New-Richmond,48.16059000,-65.85823000
Canada,Quebec,Nicolet,46.21676000,-72.61582000
Canada,Quebec,Nord-du-Québec,51.96200000,-74.89610000
Canada,Quebec,Normandin,48.83328000,-72.53209000
Canada,Quebec,Notre-Dame-de-Grâce,45.47675000,-73.61432000
Canada,Quebec,Notre-Dame-de-l'Île-Perrot,45.36678000,-73.93250000
Canada,Quebec,Notre-Dame-des-Prairies,46.05007000,-73.43245000
Canada,Quebec,Notre-Dame-du-Lac,46.75012000,-79.04961000
Canada,Quebec,Notre-Dame-du-Mont-Carmel,46.01680000,-75.08259000
Canada,Quebec,Oka,45.46489000,-74.08892000
Canada,Quebec,Ormstown,45.13338000,-73.99922000
Canada,Quebec,Otterburn Park,45.53338000,-73.21585000
Canada,Quebec,Outaouais,46.26681000,-76.31606000
Canada,Quebec,Papineauville,45.61680000,-75.01599000
Canada,Quebec,Parc-Boutin,45.29209000,-73.26154000
Canada,Quebec,Piedmont,45.90008000,-74.13251000
Canada,Quebec,Pierreville,46.07034000,-72.81125000
Canada,Quebec,Pincourt,45.38338000,-73.98250000
Canada,Quebec,Plessisville,46.21856000,-71.76201000
Canada,Quebec,Pohénégamook,47.46315000,-69.22666000
Canada,Quebec,Pointe-Calumet,45.50008000,-73.96590000
Canada,Quebec,Pointe-Claire,45.44868000,-73.81669000
Canada,Quebec,Pointe-du-Lac,48.50009000,-71.78241000
Canada,Quebec,Pont Rouge,48.88332000,-72.08247000
Canada,Quebec,Pont-Rouge,46.75468000,-71.69566000
Canada,Quebec,Port-Cartier,50.03339000,-66.86545000
Canada,Quebec,Portneuf,46.69058000,-71.89011000
Canada,Quebec,Prévost,45.86678000,-74.08251000
Canada,Quebec,Princeville,46.17163000,-71.87462000
Canada,Quebec,Québec,46.81228000,-71.21454000
Canada,Quebec,Rawdon,46.05007000,-73.71587000
Canada,Quebec,Repentigny,45.74222000,-73.45008000
Canada,Quebec,Richelieu,45.44336000,-73.24602000
Canada,Quebec,Richmond,45.66677000,-72.14910000
Canada,Quebec,Rigaud,45.47927000,-74.30238000
Canada,Quebec,Rimouski,48.44879000,-68.52396000
Canada,Quebec,Rivière-du-Loup,47.82699000,-69.54243000
Canada,Quebec,Rivière-Rouge,46.41679000,-74.86596000
Canada,Quebec,Roberval,48.51680000,-72.23244000
Canada,Quebec,Rock Forest,45.35699000,-71.99676000
Canada,Quebec,Rosemère,45.63338000,-73.79919000
Canada,Quebec,Rougemont,45.43338000,-73.04914000
Canada,Quebec,Rouyn-Noranda,48.23656000,-79.02311000
Canada,Quebec,Sacré-Coeur,48.22970000,-69.80061000
Canada,Quebec,Saguenay,48.41675000,-71.06573000
Canada,Quebec,Saint-Adolphe-d'Howard,45.96679000,-74.33253000
Canada,Quebec,Saint-Alexandre,45.50010000,-75.74935000
Canada,Quebec,Saint-Amable,45.65008000,-73.29916000
Canada,Quebec,Saint-Ambroise,48.55009000,-71.33238000
Canada,Quebec,Saint-André-Avellin,45.71680000,-75.06599000
Canada,Quebec,Saint-Anselme,46.62922000,-70.97340000
Canada,Quebec,Saint-Antoine-de-Tilly,46.66346000,-71.57335000
Canada,Quebec,Saint-Augustin,51.22602000,-58.65017000
Canada,Quebec,Saint-Augustin-de-Desmaures,46.74064000,-71.45131000
Canada,Quebec,Saint-Barnabé-Sud,45.72977000,-72.92244000
Canada,Quebec,Saint-Basile-le-Grand,45.53338000,-73.28246000
Canada,Quebec,Saint-Boniface,46.50011000,-75.98264000
Canada,Quebec,Saint-Bruno,48.46679000,-71.64910000
Canada,Quebec,Saint-Bruno-de-Guigues,47.46685000,-79.43296000
Canada,Quebec,Saint-Bruno-de-Montarville,45.53341000,-73.34916000
Canada,Quebec,Saint-Canut,45.71502000,-74.08376000
Canada,Quebec,Saint-Césaire,45.41678000,-72.99914000
Canada,Quebec,Saint-Charles,45.70288000,-73.55417000
Canada,Quebec,Saint-Côme-Linière,46.06677000,-70.51573000
Canada,Quebec,Saint-Constant,45.36678000,-73.56588000
Canada,Quebec,Saint-Cyrille-de-Wendover,45.93336000,-72.43241000
Canada,Quebec,Saint-Damase,45.53341000,-72.99914000
Canada,Quebec,Saint-Denis-sur-Richelieu,45.78338000,-73.14915000
Canada,Quebec,Saint-Donat-de-Montcalm,46.31868000,-74.22171000
Canada,Quebec,Saint-Édouard,45.23338000,-73.51588000
Canada,Quebec,Saint-Elzéar,45.60338000,-73.72698000
Canada,Quebec,Saint-Éphrem-de-Beauce,46.06677000,-70.94905000
Canada,Quebec,Saint-Eustache,45.56500000,-73.90554000
Canada,Quebec,Saint-Félicien,48.65007000,-72.44906000
Canada,Quebec,Saint-Félix-de-Valois,46.16977000,-73.42525000
Canada,Quebec,Saint-Gabriel,46.30007000,-73.38245000
Canada,Quebec,Saint-Gédéon,48.50009000,-71.76581000
Canada,Quebec,Saint-Georges,46.11353000,-70.66526000
Canada,Quebec,Saint-Germain-de-Grantham,45.83337000,-72.56582000
Canada,Quebec,Saint-Henri,46.69314000,-71.06927000
Canada,Quebec,Saint-Hippolyte,45.93338000,-74.01590000
Canada,Quebec,Saint-Honoré,48.53338000,-71.08236000
Canada,Quebec,Saint-Hyacinthe,45.63076000,-72.95699000
Canada,Quebec,Saint-Isidore,47.43345000,-79.29965000
Canada,Quebec,Saint-Jacques-le-Mineur,45.28338000,-73.41587000
Canada,Quebec,Saint-Jean-Baptiste,45.38060000,-74.01210000
Canada,Quebec,Saint-Jean-sur-Richelieu,45.30713000,-73.26259000
Canada,Quebec,Saint-Jérôme,45.78036000,-74.00365000
Canada,Quebec,Saint-Joseph,45.95817000,-73.22025000
Canada,Quebec,Saint-Joseph-de-Beauce,46.30000000,-70.86667000
Canada,Quebec,Saint-Joseph-de-Coleraine,45.96677000,-71.36577000
Canada,Quebec,Saint-Joseph-du-Lac,45.53338000,-73.99920000
Canada,Quebec,Saint-Lambert-de-Lauzon,46.58624000,-71.20892000
Canada,Quebec,Saint-Laurent,45.50008000,-73.66585000
Canada,Quebec,Saint-Lazare,45.40008000,-74.13256000
Canada,Quebec,Saint-Léonard,45.58773000,-73.59501000
Canada,Quebec,Saint-Léonard-d'Aston,46.10006000,-72.36580000
Canada,Quebec,Saint-Liboire,45.65068000,-72.76348000
Canada,Quebec,Saint-Lin-Laurentides,45.85008000,-73.76588000
Canada,Quebec,Saint-Marc-des-Carrières,46.68335000,-72.04910000
Canada,Quebec,Saint-Mathieu,45.31678000,-73.51587000
Canada,Quebec,Saint-Michel,45.56758000,-73.62168000
Canada,Quebec,Saint-Michel-des-Saints,46.67702000,-73.91881000
Canada,Quebec,Saint-Nazaire,48.58944000,-71.55247000
Canada,Quebec,Saint-Norbert,46.16949000,-73.31494000
Canada,Quebec,Saint-Pacôme,47.40457000,-69.95025000
Canada,Quebec,Saint-Pascal,47.51813000,-69.80301000
Canada,Quebec,Saint-Philippe-de-La Prairie,45.35723000,-73.47706000
Canada,Quebec,Saint-Pie,45.50277000,-72.90890000
Canada,Quebec,Saint-Pierre-les-Becquets,46.50005000,-72.19910000
Canada,Quebec,Saint-Prime,48.58339000,-72.33244000
Canada,Quebec,Saint-Raphaël,46.25011000,-76.01605000
Canada,Quebec,Saint-Raymond,45.46698000,-73.60948000
Canada,Quebec,Saint-Rémi,45.26678000,-73.61588000
Canada,Quebec,Saint-Rémi-de-Tingwick,45.86677000,-71.81581000
Canada,Quebec,Saint-Sauveur,45.88686000,-74.17943000
Canada,Quebec,Saint-Sauveur-des-Monts,45.90008000,-74.16591000
Canada,Quebec,Saint-Siméon,47.84431000,-69.87837000
Canada,Quebec,Saint-Thomas,46.01677000,-73.34915000
Canada,Quebec,Saint-Tite,46.73336000,-72.56581000
Canada,Quebec,Saint-Victor,45.61118000,-73.51527000
Canada,Quebec,Saint-Zotique,45.25009000,-74.24924000
Canada,Quebec,Sainte Catherine de la Jacques Cartier,46.85244000,-71.62056000
Canada,Quebec,Sainte-Adèle,45.95008000,-74.13251000
Canada,Quebec,Sainte-Agathe-des-Monts,46.05009000,-74.28252000
Canada,Quebec,Sainte-Anne-de-Bellevue,45.40618000,-73.94560000
Canada,Quebec,Sainte-Anne-des-Monts,49.12402000,-66.49243000
Canada,Quebec,Sainte-Anne-des-Plaines,45.76468000,-73.81156000
Canada,Quebec,Sainte-Béatrix,46.20007000,-73.61587000
Canada,Quebec,Sainte-Catherine,45.40008000,-73.58248000
Canada,Quebec,Sainte-Croix,45.13368000,-72.80083000
Canada,Quebec,Sainte-Élisabeth,46.09502000,-73.35176000
Canada,Quebec,Sainte-Julie,45.58338000,-73.33246000
Canada,Quebec,Sainte-Julienne,45.96677000,-73.71587000
Canada,Quebec,Sainte-Madeleine,45.60008000,-73.09914000
Canada,Quebec,Sainte-Marie,46.43401000,-71.01168000
Canada,Quebec,Sainte-Marthe-sur-le-Lac,45.53338000,-73.93250000
Canada,Quebec,Sainte-Martine,45.25008000,-73.79919000
Canada,Quebec,Sainte-Sophie,45.81678000,-73.89919000
Canada,Quebec,Sainte-Thècle,46.81676000,-72.49911000
Canada,Quebec,Sainte-Thérèse,45.63922000,-73.82757000
Canada,Quebec,Salaberry-de-Valleyfield,45.25008000,-74.13253000
Canada,Quebec,Salluit,62.20411000,-75.64344000
Canada,Quebec,Senneterre,48.39302000,-77.23951000
Canada,Quebec,Sept-Îles,50.20011000,-66.38208000
Canada,Quebec,Shannon,46.88026000,-71.51464000
Canada,Quebec,Shawinigan,46.56675000,-72.74913000
Canada,Quebec,Shawville,45.60011000,-76.48270000
Canada,Quebec,Sherbrooke,45.40008000,-71.89908000
Canada,Quebec,Sorel-Tracy,46.04178000,-73.11358000
Canada,Quebec,St-Jean-Port-Joli,47.21418000,-70.26969000
Canada,Quebec,Sutton,45.10008000,-72.61582000
Canada,Quebec,Témiscaming,46.72122000,-79.09712000
Canada,Quebec,Terrasse-des-Pins,45.86449000,-74.06627000
Canada,Quebec,Terrebonne,45.70004000,-73.64732000
Canada,Quebec,Thetford-Mines,46.09371000,-71.30539000
Canada,Quebec,Thurso,45.60010000,-75.24931000
Canada,Quebec,Trois-Rivières,46.34515000,-72.54770000
Canada,Quebec,Val-d'Or,48.09740000,-77.79737000
Canada,Quebec,Val-David,46.03338000,-74.21592000
Canada,Quebec,Val-des-Monts,45.65010000,-75.66604000
Canada,Quebec,Val-Morin,46.00008000,-74.18251000
Canada,Quebec,Valcourt,45.50008000,-72.31581000
Canada,Quebec,Vallée-Jonction,46.37441000,-70.91881000
Canada,Quebec,Varennes,45.68338000,-73.43246000
Canada,Quebec,Vaudreuil-Dorion,45.40008000,-74.03251000
Canada,Quebec,Venise-en-Québec,45.08338000,-73.13245000
Canada,Quebec,Verchères,45.78338000,-73.34916000
Canada,Quebec,Victoriaville,46.05007000,-71.96579000
Canada,Quebec,Ville-Marie,47.33345000,-79.43297000
Canada,Quebec,Wakefield,45.66680000,-75.83265000
Canada,Quebec,Warwick,45.95007000,-71.98240000
Canada,Quebec,Waskaganish,51.48333000,-78.75000000
Canada,Quebec,Waswanipi,49.73346000,-76.16604000
Canada,Quebec,Waterloo,45.35008000,-72.51582000
Canada,Quebec,Weedon Centre,45.70802000,-71.45986000
Canada,Quebec,Westmount,45.48341000,-73.59918000
Canada,Quebec,Weymontachie,47.89940000,-73.77720000
Canada,Quebec,Windsor,45.56678000,-71.99909000
Canada,Quebec,Yamachiche,46.26676000,-72.83243000
Canada,Saskatchewan,Assiniboia,49.63336000,-105.98446000
Canada,Saskatchewan,Biggar,52.06680000,-108.00135000
Canada,Saskatchewan,Canora,51.63328000,-102.43425000
Canada,Saskatchewan,Carlyle,49.63334000,-102.26765000
Canada,Saskatchewan,Dalmeny,52.33339000,-106.76792000
Canada,Saskatchewan,Esterhazy,50.65001000,-102.08426000
Canada,Saskatchewan,Estevan,49.13337000,-102.98422000
Canada,Saskatchewan,Foam Lake,51.65001000,-103.53431000
Canada,Saskatchewan,Gravelbourg,49.88336000,-106.55122000
Canada,Saskatchewan,Hudson Bay,52.85003000,-102.38425000
Canada,Saskatchewan,Humboldt,52.20005000,-105.12550000
Canada,Saskatchewan,Indian Head,50.53336000,-103.66775000
Canada,Saskatchewan,Kamsack,51.56668000,-101.90093000
Canada,Saskatchewan,Kerrobert,51.91682000,-109.13479000
Canada,Saskatchewan,Kindersley,51.46681000,-109.16818000
Canada,Saskatchewan,La Ronge,55.10013000,-105.28422000
Canada,Saskatchewan,Langenburg,50.84999000,-101.71763000
Canada,Saskatchewan,Langham,52.36680000,-106.96793000
Canada,Saskatchewan,Lanigan,51.85006000,-105.03443000
Canada,Saskatchewan,Lumsden,50.65009000,-104.86783000
Canada,Saskatchewan,Macklin,52.33344000,-109.93484000
Canada,Saskatchewan,Maple Creek,49.91678000,-109.48481000
Canada,Saskatchewan,Martensville,52.28339000,-106.66792000
Canada,Saskatchewan,Meadow Lake,54.13348000,-108.43471000
Canada,Saskatchewan,Melfort,52.86673000,-104.61768000
Canada,Saskatchewan,Melville,50.91671000,-102.80099000
Canada,Saskatchewan,Moose Jaw,50.40005000,-105.53445000
Canada,Saskatchewan,Moosomin,50.13332000,-101.66766000
Canada,Saskatchewan,Nipawin,53.36678000,-104.00092000
Canada,Saskatchewan,North Battleford,52.77972000,-108.29670000
Canada,Saskatchewan,Outlook,51.50008000,-107.05128000
Canada,Saskatchewan,Oxbow,49.23335000,-102.16760000
Canada,Saskatchewan,Pelican Narrows,55.16685000,-102.93410000
Canada,Saskatchewan,Pilot Butte,50.46678000,-104.41778000
Canada,Saskatchewan,Preeceville,51.94998000,-102.66766000
Canada,Saskatchewan,Prince Albert,53.20008000,-105.76772000
Canada,Saskatchewan,Regina,50.45008000,-104.61780000
Canada,Saskatchewan,Regina Beach,50.78338000,-105.00112000
Canada,Saskatchewan,Rosetown,51.55010000,-108.00136000
Canada,Saskatchewan,Rosthern,52.66679000,-106.33446000
Canada,Saskatchewan,Saskatoon,52.13238000,-106.66892000
Canada,Saskatchewan,Shaunavon,49.65005000,-108.41810000
Canada,Saskatchewan,Shellbrook,53.21679000,-106.40109000
Canada,Saskatchewan,Swift Current,50.28337000,-107.80135000
Canada,Saskatchewan,Tisdale,52.85002000,-104.05096000
Canada,Saskatchewan,Unity,52.45014000,-109.16816000
Canada,Saskatchewan,Wadena,51.94999000,-103.80102000
Canada,Saskatchewan,Warman,52.31679000,-106.56791000
Canada,Saskatchewan,Watrous,51.66677000,-105.46788000
Canada,Saskatchewan,Weyburn,49.66675000,-103.85109000
Canada,Saskatchewan,White City,50.43338000,-104.36778000
Canada,Saskatchewan,Wilkie,52.41683000,-108.70142000
Canada,Saskatchewan,Wynyard,51.76674000,-104.18436000
Canada,Saskatchewan,Yorkton,51.21670000,-102.46766000
Canada,Yukon,Dawson City,64.06013000,-139.43328000
Canada,Yukon,Haines Junction,60.75216000,-137.51082000
Canada,Yukon,Watson Lake,60.06349000,-128.70893000
Canada,Yukon,Whitehorse,60.71611000,-135.05375000
